Post ID,Name,Email
1,id labore ex et quam laborum,eliseo@gardner.biz
1,quo vero reiciendis velit similique earum,jayne_kuhic@sydney.com
1,odio adipisci rerum aut animi,nikita@garfield.biz
1,alias odio sit,lew@alysha.tv
1,vero eaque aliquid doloribus et culpa,hayden@althea.biz
2,et fugit eligendi deleniti quidem qui sint nihil autem,presley.mueller@myrl.com
2,repellat consequatur praesentium vel minus molestias voluptatum,dallas@ole.me
2,et omnis dolorem,mallory_kunze@marie.org
2,provident id voluptas,meghan_littel@rene.us
2,eaque et deleniti atque tenetur ut quo ut,carmen_keeling@caroline.name
3,fugit labore quia mollitia quas deserunt nostrum sunt,veronica_goodwin@timmothy.net
3,modi ut eos dolores illum nam dolor,oswald.vandervort@leanne.org
3,aut inventore non pariatur sit vitae voluptatem sapiente,kariane@jadyn.tv
3,et officiis id praesentium hic aut ipsa dolorem repudiandae,nathan@solon.io
3,debitis magnam hic odit aut ullam nostrum tenetur,maynard.hodkiewicz@roberta.com
4,perferendis temporibus delectus optio ea eum ratione dolorum,christine@ayana.info
4,eos est animi quis,preston_hudson@blaise.tv
4,aut et tenetur ducimus illum aut nulla ab,vincenza_klocko@albertha.name
4,sed impedit rerum quia et et inventore unde officiis,madelynn.gorczany@darion.biz
4,molestias expedita iste aliquid voluptates,mariana_orn@preston.org
5,aliquid rerum mollitia qui a consectetur eum sed,noemie@marques.me
5,porro repellendus aut tempore quis hic,khalil@emile.co.uk
5,quis tempora quidem nihil iste,sophia@arianna.co.uk
5,in tempore eos beatae est,jeffery@juwan.us
5,autem ab ea sit alias hic provident sit,isaias_kuhic@jarrett.net
6,in deleniti sunt provident soluta ratione veniam quam praesentium,russel.parker@kameron.io
6,doloribus quibusdam molestiae amet illum,francesco.gleason@nella.us
6,quo voluptates voluptas nisi veritatis dignissimos dolores ut officiis,ronny@rosina.org
6,eum distinctio amet dolor,jennings_pouros@erica.biz
6,quasi nulla ducimus facilis non voluptas aut,lurline@marvin.biz
7,ex velit ut cum eius odio ad placeat,buford@shaylee.biz
7,dolorem architecto ut pariatur quae qui suscipit,maria@laurel.name
7,voluptatum totam vel voluptate omnis,jaeden.towne@arlene.tv
7,omnis nemo sunt ab autem,ethelyn.schneider@emelia.co.uk
7,repellendus sapiente omnis praesentium aliquam ipsum id molestiae omnis,georgianna@florence.io
8,sit et quis,raheem_heaney@gretchen.biz
8,beatae veniam nemo rerum voluptate quam aspernatur,jacky@victoria.net
8,maiores dolores expedita,piper@linwood.us
8,necessitatibus ratione aut ut delectus quae ut,gaylord@russell.net
8,non minima omnis deleniti pariatur facere quibusdam at,clare.aufderhar@nicole.ca
9,voluptas deleniti ut,lucio@gladys.tv
9,nam qui et,shemar@ewell.name
9,molestias sint est voluptatem modi,jackeline@eva.tv
9,hic molestiae et fuga ea maxime quod,marianna_wilkinson@rupert.io
9,autem illo facilis,marcia@name.biz
10,dignissimos et deleniti voluptate et quod,jeremy.harann@waino.me
10,rerum commodi est non dolor nesciunt ut,pearlie.kling@sandy.com
10,consequatur animi dolorem saepe repellendus ut quo aut tenetur,manuela_stehr@chelsie.tv
10,rerum placeat quae minus iusto eligendi,camryn.weimann@doris.io
10,dolorum soluta quidem ex quae occaecati dicta aut doloribus,kiana_predovic@yasmin.io
11,molestias et odio ut commodi omnis ex,laurie@lincoln.us
11,esse autem dolorum,abigail.oconnell@june.org
11,maiores alias necessitatibus aut non,laverne_price@scotty.info
11,culpa eius tempora sit consequatur neque iure deserunt,kenton_vandervort@friedrich.com
11,quas pariatur quia a doloribus,hayden_olson@marianna.me
12,et dolorem corrupti sed molestias,vince_crist@heidi.biz
12,qui quidem sed,darron.nikolaus@eulah.me
12,sint minus reiciendis qui perspiciatis id,ezra_abshire@lyda.us
12,quis ducimus distinctio similique et illum minima ab libero,jameson@tony.info
12,expedita libero quos cum commodi ad,americo@estrella.net
13,quidem itaque dolores quod laborum aliquid molestiae,aurelio.pfeffer@griffin.ca
13,libero beatae consequuntur optio est hic,vesta_crooks@dora.us
13,occaecati dolor accusantium et quasi architecto aut eveniet fugiat,margarett_klein@mike.biz
13,consequatur aut ullam voluptas dolorum voluptatum sequi et,freida@brandt.tv
13,earum ea ratione numquam,mollie@agustina.name
14,eius nam consequuntur,janice@alda.io
14,omnis consequatur natus distinctio,dashawn@garry.com
14,architecto ut deserunt consequatur cumque sapiente,devan.nader@ettie.me
14,at aut ea iure accusantium voluptatum nihil ipsum,joana.schoen@leora.co.uk
14,eum magni accusantium labore aut cum et tenetur,minerva.anderson@devonte.ca
15,vel pariatur perferendis vero ab aut voluptates labore,lavinia@lafayette.me
15,quia sunt dolor dolor suscipit expedita quis,sabrina.marks@savanah.name
15,ut quia ipsa repellat sunt et sequi aut est,desmond_graham@kailee.biz
15,ut non illum pariatur dolor,gussie_kunde@sharon.biz
15,minus laboriosam consequuntur,richard@chelsie.co.uk
16,porro ut soluta repellendus similique,gage_turner@halle.name
16,dolores et quo omnis voluptates,alfred@sadye.biz
16,voluptas voluptas voluptatibus blanditiis,catharine@jordyn.com
16,beatae ut ad quisquam sed repellendus et,esther_ratke@shayna.biz
16,et cumque ad culpa ut eligendi non,evangeline@chad.net
17,aut non consequuntur dignissimos voluptatibus dolorem earum recusandae dolorem,newton.kertzmann@anjali.io
17,ea est non dolorum iste nihil est,caleb_herzog@rosamond.net
17,nihil qui accusamus ratione et molestias et minus,sage_mueller@candace.net
17,quia voluptatibus magnam voluptatem optio vel perspiciatis,bernie.bergnaum@lue.com
17,non voluptas cum est quis aut consectetur nam,alexzander_davis@eduardo.name
18,suscipit est sunt vel illum sint,jacquelyn@krista.info
18,dolor asperiores autem et omnis quasi nobis,grover_volkman@coty.tv
18,officiis aperiam odit sint est non,jovanny@abigale.ca
18,in voluptatum nostrum voluptas iure nisi rerum est placeat,isac_schmeler@barton.com
18,eum voluptas dolores molestias odio amet repellendus,sandy.erdman@sabina.info
19,repellendus est laboriosam voluptas veritatis,alexandro@garry.io
19,repellendus aspernatur occaecati tempore blanditiis deleniti omnis qui distinctio,vickie_schuster@harley.net
19,mollitia dolor deleniti sed iure laudantium,roma_doyle@alia.com
19,vero repudiandae voluptatem nobis,tatum_marks@jaylon.name
19,voluptatem unde quos provident ad qui sit et excepturi,juston.ruecker@scot.tv
20,non sit ad culpa quis,river.grady@lavada.biz
20,reiciendis culpa omnis suscipit est,claudia@emilia.ca
20,praesentium dolorem ea voluptate et,torrey@june.tv
20,laudantium delectus nam,hildegard.aufderhar@howard.com
20,et sint quia dolor et est ea nulla cum,leone_fay@orrin.com
21,perspiciatis magnam ut eum autem similique explicabo expedita,lura@rod.tv
21,officia ullam ut neque earum ipsa et fuga,lottie.zieme@ruben.us
21,ipsum a ut,winona_price@jevon.me
21,a assumenda totam,gabriel@oceane.biz
21,voluptatem repellat est,adolph.ondricka@mozell.co.uk
22,maiores placeat facere quam pariatur,allen@richard.biz
22,in ipsam vel id impedit possimus eos voluptate,nicholaus@mikayla.ca
22,ut veritatis corporis placeat suscipit consequatur quaerat,kayla@susanna.org
22,eveniet ut similique accusantium qui dignissimos,gideon@amina.name
22,sint est odit officiis similique aut corrupti quas autem,cassidy@maribel.io
23,possimus facilis deleniti nemo atque voluptate,stefan.crist@duane.ca
23,dolore aut aspernatur est voluptate quia ipsam,aniyah.ortiz@monte.me
23,sint quo debitis deleniti repellat,laverna@rico.biz
23,optio et sunt non,derek@hildegard.net
23,occaecati dolorem eum in veniam quia quo reiciendis,tyrell@abdullah.ca
24,veritatis sit tempora quasi fuga aut dolorum,reyes@hailey.name
24,incidunt quae optio quam corporis iste deleniti accusantium vero,danika.dicki@mekhi.biz
24,quisquam laborum reiciendis aut,alessandra.nitzsche@stephania.us
24,minus pariatur odit,matteo@marquis.net
24,harum error sit,joshua.spinka@toby.io
25,deleniti quo corporis ullam magni praesentium molestiae,annabelle@cole.com
25,nihil tempora et reiciendis modi veniam,kacey@jamal.info
25,ad eos explicabo odio velit,mina@mallie.name
25,nostrum suscipit aut consequatur magnam sunt fuga nihil,hudson.blick@ruben.biz
25,porro et voluptate et reprehenderit,domenic.durgan@joaquin.name
26,fuga tenetur id et qui labore delectus,alexie@alayna.org
26,consequatur harum magnam,haven_barrows@brant.org
26,labore architecto quaerat tempora voluptas consequuntur animi,marianne@maximo.us
26,deleniti facere tempore et perspiciatis voluptas quis voluptatem,fanny@danial.com
26,quod est non quia doloribus quam deleniti libero,trevion_kuphal@bernice.name
27,voluptas quasi sunt laboriosam,emmet@guy.biz
27,unde tenetur vero eum iusto,megane.fritsch@claude.name
27,est adipisci laudantium amet rem asperiores,amya@durward.ca
27,reiciendis quo est vitae dignissimos libero ut officiis fugiat,jasen_rempel@willis.org
27,inventore fugiat dignissimos,harmony@reggie.com
28,et expedita est odit,rosanna_kunze@guy.net
28,saepe dolore qui tempore nihil perspiciatis omnis omnis magni,ressie.boehm@flossie.com
28,ea optio nesciunt officia velit enim facilis commodi,domenic.wuckert@jazmyne.us
28,ut pariatur voluptate possimus quasi,rhett.okon@brian.info
28,consectetur tempore eum consequuntur,mathias@richmond.info
29,dignissimos perspiciatis voluptate quos rem qui temporibus excepturi,ottis@lourdes.org
29,cum dolore sit quisquam provident nostrum vitae,estel@newton.ca
29,velit molestiae assumenda perferendis voluptas explicabo,bertha@erik.co.uk
29,earum ipsum ea quas qui molestiae omnis unde,joesph@matteo.info
29,magni iusto sit,alva@cassandre.net
30,est qui debitis,vivienne@willis.org
30,reiciendis et consectetur officiis beatae corrupti aperiam,angelita@aliza.me
30,iusto reprehenderit voluptatem modi,timmothy_okuneva@alyce.tv
30,optio dolorem et reiciendis et recusandae quidem,moriah_welch@richmond.org
30,id saepe numquam est facilis sint enim voluptas voluptatem,ramiro_kuhn@harmon.biz
31,ut quas facilis laborum voluptatum consequatur odio voluptate et,cary@taurean.biz
31,quod doloremque omnis,tillman_koelpin@luisa.com
31,dolorum et dolorem optio in provident,aleen@tania.biz
31,odit illo optio ea modi in,durward@cindy.com
31,adipisci laboriosam repudiandae omnis veritatis in facere similique rem,lester@chauncey.ca
32,pariatur omnis in,telly_lynch@karl.co.uk
32,aut nobis et consequatur,makenzie@libbie.io
32,explicabo est molestiae aut,amiya@perry.us
32,voluptas blanditiis deserunt quia quis,meghan@akeem.tv
32,sint fugit esse,mitchel.williamson@fletcher.io
33,nesciunt quidem veritatis alias odit nisi voluptatem non est,ashlee_jast@emie.biz
33,animi vitae qui aut corrupti neque culpa modi,antwan@lori.ca
33,omnis ducimus ab temporibus nobis porro natus deleniti,estelle@valentina.info
33,eius corrupti ea,haylie@gino.name
33,quia commodi molestiae assumenda provident sit incidunt laudantium,blake_spinka@robyn.info
34,sint alias molestiae qui dolor vel,aimee.bins@braeden.ca
34,ea nam iste est repudiandae,eloy@vladimir.com
34,quis harum voluptatem et culpa,gabrielle@jada.co.uk
34,dolor dolore similique tempore ducimus,lee@dawn.net
34,cupiditate labore omnis consequatur,gideon.hyatt@jalen.tv
35,voluptatibus qui est et,gerda.reynolds@ceasar.co.uk
35,corporis ullam quo,ivah@brianne.net
35,nulla accusamus saepe debitis cum,ethyl_bogan@candace.co.uk
35,iure praesentium ipsam,janelle_guann@americo.info
35,autem totam velit officiis voluptates et ullam rem,alfonzo.barton@kelley.co.uk
36,ipsam deleniti incidunt repudiandae voluptatem maxime provident non dolores,esther@ford.me
36,ab cupiditate blanditiis ea sunt,naomie_cronin@rick.co.uk
36,rerum ex quam enim sunt,darryl@reginald.us
36,et iure ex rerum qui,thea@aurelio.org
36,autem tempora a iusto eum aut voluptatum,carolyn@eloisa.biz
37,similique ut et non laboriosam in eligendi et,milan.schoen@cortney.io
37,soluta corporis excepturi consequatur perspiciatis quia voluptatem,sabrina@raymond.biz
37,praesentium quod quidem optio omnis qui,hildegard@alford.ca
37,veritatis velit quasi quo et voluptates dolore,lowell.pagac@omari.biz
37,natus assumenda ut,vivianne@ima.us
38,voluptas distinctio qui similique quasi voluptatem non sit,yasmin.prohaska@hanna.co.uk
38,maiores iste dolor itaque nemo voluptas,ursula.kirlin@eino.org
38,quisquam quod quia nihil animi minima facere odit est,nichole_bartoletti@mozell.me
38,ut iusto asperiores delectus,lottie_wyman@jasen.biz
38,dignissimos voluptatibus libero,dominique_hermann@paige.ca
39,est perferendis eos dolores maxime rerum qui,eugene@mohammed.net
39,sunt veritatis quisquam est et porro nesciunt excepturi a,janick@marty.me
39,quia velit nostrum eligendi voluptates,alena@deron.name
39,non ut sunt ut eius autem ipsa eos sapiente,alphonso_rosenbaum@valentin.co.uk
39,tempore vel accusantium qui quidem esse ut aut,frank@rosalind.name
40,totam vel saepe aut qui velit quis,jenifer_lowe@reuben.ca
40,non perspiciatis omnis facere rem,cecelia_nitzsche@marty.com
40,quod vel enim sit quia ipsa quo dolores,christop_friesen@jordan.me
40,pariatur aspernatur nam atque quis,cooper_boehm@damian.biz
40,aperiam et omnis totam,amir@kaitlyn.org
41,et adipisci aliquam a aperiam ut soluta,cleve@royal.us
41,blanditiis vel fuga odio qui,donnell@polly.net
41,ab enim adipisci laudantium impedit qui sed,bonita@karl.biz
41,autem voluptates voluptas nihil,shea@angelina.biz
41,et reiciendis ullam quae,omari@veronica.us
42,deserunt eveniet quam vitae velit,sophie@antoinette.ca
42,asperiores sed voluptate est,jessika@crystel.ca
42,excepturi aut libero incidunt doloremque at,cesar_volkman@letitia.biz
42,repudiandae consectetur dolore,maureen_mueller@lance.us
42,quibusdam provident accusamus id aut totam eligendi,eriberto@geovany.ca
43,rerum voluptate dolor,faustino.keeling@morris.co.uk
43,et maiores sed temporibus cumque voluptatem sunt necessitatibus in,viola@aric.co.uk
43,ratione architecto in est voluptatem quibusdam et,felton_huel@terrell.biz
43,dicta deserunt tempore,ferne_bogan@angus.info
43,sint culpa cupiditate ut sit quas qui voluptas qui,amy@reymundo.org
44,voluptatem esse sint alias,jaylan.mayert@norbert.biz
44,eos velit velit esse autem minima voluptas,cristina.damore@destini.biz
44,voluptatem qui deserunt dolorum in voluptates similique et qui,ettie_bashirian@lambert.biz
44,qui unde recusandae omnis ut explicabo neque magni veniam,lizeth@kellen.org
44,vel autem quia in modi velit,vladimir_schumm@sharon.tv
45,reprehenderit rem voluptatem voluptate recusandae dolore distinctio,madonna@will.com
45,rerum aliquam ducimus repudiandae perferendis,cicero_goldner@elenor.tv
45,accusantium aliquid consequuntur minus quae quis et autem,zella@jan.net
45,eum dolorum ratione vitae expedita,robin_jacobi@verdie.net
45,occaecati et corrupti expedita,lawson@demarco.co.uk
46,assumenda officia quam ex natus minima sint quia,benton@jayde.tv
46,omnis error aut doloremque ipsum ducimus,melody@london.name
46,eaque expedita temporibus iure velit eligendi labore dignissimos molestiae,wyman.swaniawski@marjorie.name
46,maxime veniam at,deborah@fletcher.co.uk
46,illo dolor corrupti quia pariatur in,dario@barton.info
47,omnis minima dicta aliquam excepturi,kelton_mckenzie@danial.us
47,voluptatem excepturi sit et sed qui ipsum quam consequatur,itzel@fritz.io
47,qui dolores maxime autem enim repellendus culpa nostrum consequuntur,jacquelyn_kutch@kaya.co.uk
47,natus et necessitatibus animi,cheyanne.schowalter@alycia.biz
47,odio sed accusantium iure repudiandae officiis ut autem illo,macey@abbie.org
48,cupiditate rerum voluptate quo facere repudiandae,freeda.kirlin@eddie.ca
48,recusandae deserunt possimus voluptatibus ipsam iste consequatur consequatur,jennifer.rowe@zoe.org
48,voluptatem nam ducimus non molestiae,providenci.heller@lenna.info
48,voluptatum debitis qui aut voluptas eos quibusdam et,emerald_murazik@darrell.biz
48,est dolorem est placeat provident non nihil,joseph@corrine.com
49,reprehenderit inventore soluta ut aliquam,lemuel@willow.name
49,quis sit aut vero quo accusamus,sven@gudrun.info
49,quaerat natus illum,jennifer@shania.ca
49,labore temporibus ipsa at blanditiis autem,eldora@madge.com
49,et rerum fuga blanditiis provident eligendi iste eos,litzy@kaylie.io
50,magnam earum qui eaque sunt excepturi,jaycee.turner@euna.name
50,vel aut blanditiis magni accusamus dolor soluta,wilbert@cheyenne.ca
50,voluptatum sint dicta voluptas aut ut,rebecca_hessel@edna.net
50,quibusdam dignissimos aperiam sint commodi,christiana@lawrence.info
50,perferendis magnam natus exercitationem eveniet sunt,samara@shaun.org
51,veritatis sint eius,ayden_hickle@stephany.tv
51,qui alias beatae iusto omnis placeat recusandae ut,carissa.krajcik@jean.name
51,voluptate ipsum corporis quis provident voluptatem eos asperiores,jayde@geovanny.io
51,velit inventore et eius saepe,ardella@khalid.biz
51,impedit et sapiente et tempore repellendus,delta_welch@carleton.tv
52,tempore distinctio quam,carlee_heathcote@harley.tv
52,illum non quod vel voluptas quos,delpha_cormier@raymond.org
52,omnis quia fugit nisi officiis aspernatur occaecati et,glenna@caesar.org
52,animi minima ducimus tempore officiis qui,hoyt_dickens@napoleon.ca
52,qui dolore delectus et omnis quia,wendell.marvin@maegan.net
53,aut veritatis quasi voluptatem enim dolor soluta temporibus,virgie@layne.org
53,ipsa aliquid laborum quidem recusandae dolorum quia,tia@kirsten.info
53,vitae voluptatem dolor iure quo non atque,marco@jennyfer.biz
53,cum ab voluptates aut,taya@milan.biz
53,omnis incidunt est molestias,lenora@derrick.biz
54,eum enim provident atque eum,carolina.auer@polly.co.uk
54,ea commodi provident veritatis voluptatem voluptates aperiam,jaylan.braun@lane.us
54,eum et eos delectus,javier.dicki@damien.org
54,molestiae vitae pariatur,khalil_sawayn@tanya.net
54,rerum adipisci et ut sit sit dolores,tom.russel@pattie.org
55,et et repellat quasi non ea similique,ethelyn.moore@gabe.info
55,repudiandae ut velit dignissimos enim rem dolores odit,evangeline_kuvalis@santina.ca
55,et aperiam autem inventore nisi nulla reiciendis velit,orland@larry.name
55,et vero nostrum tempore,micaela.powlowski@saul.me
55,error nulla est laudantium similique ad,imelda_klein@melany.biz
56,inventore amet ut debitis ipsam reiciendis molestiae autem sed,matt.moen@gilda.org
56,dolorem aut ipsum alias ex ea quidem nostrum,rocky_ullrich@rowena.name
56,est pariatur similique quod voluptas et consequuntur nam molestiae,natalia@caitlyn.ca
56,voluptas nihil aut dolor adipisci non,edythe@general.org
56,culpa minima non consequatur sit autem quas sed ipsam,aglae@gerardo.name
57,consequatur voluptates sed voluptatem fuga,bridie@pearl.ca
57,et vitae culpa corrupti,aglae_goldner@madisyn.co.uk
57,iste molestiae aut hic perspiciatis sint,owen_moore@jeremy.org
57,soluta omnis maiores animi veniam voluptas et totam repellendus,jarred@dangelo.name
57,non est sunt consequatur reiciendis,remington_mohr@vincenza.me
58,dolore dignissimos distinctio,marco.langworth@zoie.org
58,voluptas ad autem maxime iusto eos dolorem ducimus est,sedrick@mertie.tv
58,numquam eius voluptas quibusdam soluta exercitationem,caleigh@eleanore.org
58,voluptatem aut harum aut corporis dignissimos occaecati sequi quod,paolo@cristopher.com
58,suscipit debitis eveniet nobis atque commodi quisquam,juana_stamm@helmer.com
59,occaecati et dolorum,pascale@fleta.ca
59,consequatur et facere similique beatae explicabo eligendi consequuntur,molly_kertzmann@tristin.me
59,qui sint hic,kailee.larkin@amina.org
59,autem totam necessitatibus sit sunt minima aut quis,earnest.sanford@lane.us
59,ullam dignissimos non aut dolore,abigail@trudie.com
60,hic eum sed dolore velit cupiditate quisquam ut inventore,name.walter@zoie.me
60,dignissimos dolor facere,norma@abraham.co.uk
60,ipsam ut labore voluptatem quis id velit sunt,norberto_weimann@ford.tv
60,laborum asperiores nesciunt itaque,nelson@charlene.biz
60,in dolore iusto ex molestias vero,letha@liliane.ca
61,id voluptatibus voluptas occaecati quia sunt eveniet et eius,tiana@jeramie.tv
61,quia voluptatem sunt voluptate ut ipsa,lindsey@caitlyn.net
61,excepturi itaque laudantium reiciendis dolorem,gregory.kutch@shawn.info
61,voluptatem quidem animi sit est nemo non omnis molestiae,murphy.kris@casimer.me
61,non cum consequatur at nihil aut fugiat delectus quia,isidro_kiehn@cristina.org
62,omnis nisi libero,kenton_carter@yolanda.co.uk
62,id ab commodi est quis culpa,amos_rohan@mozelle.tv
62,enim ut optio architecto dolores nemo quos,timothy_heathcote@jose.name
62,maiores et quisquam,otilia.daniel@elvie.io
62,sed qui atque,toni@joesph.biz
63,veritatis nulla consequatur sed cumque,brisa@carrie.us
63,libero et distinctio repudiandae voluptatem dolores,jasen.kihn@devon.biz
63,quia enim et,efren.konopelski@madisyn.us
63,enim voluptatem quam,demetris.bergnaum@fae.io
63,maxime nulla perspiciatis ad quo quae consequatur quas,luella.pollich@gloria.org
64,totam est minima modi sapiente nobis impedit,sister.morissette@adelia.io
64,iusto pariatur ea,shyanne@rick.info
64,vitae porro aut ex est cumque,freeman.dare@ada.name
64,et eos praesentium porro voluptatibus quas quidem explicabo est,donnell@orland.org
64,fugiat eos commodi consequatur vel qui quasi,robin@gaylord.biz
65,rem ducimus ipsam ut est vero distinctio et,danyka_stark@jedidiah.name
65,ipsam et commodi,margarita@casper.io
65,et aut non illo cumque pariatur laboriosam,carlo@cortney.net
65,ut ut architecto vero est ipsam,mina@nikita.tv
65,odit sit numquam rerum porro dolorem,violette@naomi.tv
66,voluptatem laborum incidunt accusamus,lauren.hodkiewicz@jarret.info
66,quisquam necessitatibus commodi iure eum,ernestina@piper.biz
66,temporibus ut vero quas,hettie_morar@wiley.info
66,quasi beatae sapiente voluptates quo temporibus,corbin.hilll@modesto.biz
66,illo ab quae deleniti,kenyatta@renee.io
67,nemo cum est officia maiores sint sunt a,don@cameron.co.uk
67,dicta vero voluptas hic dolorem,jovan@aaliyah.tv
67,soluta dicta pariatur reiciendis,jeanie.mcglynn@enoch.ca
67,et adipisci laboriosam est modi,garett_gusikowski@abigale.me
67,voluptatem accusantium beatae veniam voluptatem quo culpa deleniti,doug@alana.co.uk
68,eveniet eligendi nisi sunt a error blanditiis et ea,yoshiko@viviane.name
68,beatae esse tenetur aut est,micaela_bins@mertie.us
68,qui sit quo est ipsam minima neque nobis,loy@gillian.me
68,accusantium et sit nihil quibusdam voluptatum provident est qui,tyrel@hunter.net
68,rerum et quae tenetur soluta voluptatem tempore laborum enim,otilia.schuppe@randal.com
69,sunt ut voluptatem cupiditate maxime dolores eligendi,april@larissa.co.uk
69,corporis at consequuntur consequatur,glenna_waters@retha.me
69,repellat sed consequatur suscipit aliquam,cordelia.oberbrunner@peyton.com
69,blanditiis rerum voluptatem quaerat modi saepe ratione assumenda qui,zander@santino.net
69,ut deleniti autem ullam quod provident ducimus enim explicabo,camila_runolfsdottir@tressa.tv
70,beatae in fuga assumenda dolorem accusantium blanditiis mollitia,kirstin@tina.info
70,tenetur id delectus recusandae voluptates quo aut,anthony.koepp@savannah.tv
70,molestias natus autem quae sint qui,bradley.lang@marilyne.tv
70,odio maiores a porro dolorum ut pariatur inventore,loren@aric.biz
70,eius quia pariatur,arjun@natalie.ca
71,quia ex perspiciatis sunt voluptatem quidem,solon.goldner@judah.org
71,sit ipsam voluptatem velit,nina@osbaldo.name
71,consequatur reprehenderit similique vitae dolor debitis,madaline@marlin.org
71,eligendi tempora eum deserunt,mike.kozey@gladyce.us
71,reiciendis ad ea,orval.treutel@arnold.me
72,qui vel id qui est,trent@samir.net
72,consectetur totam fugit et occaecati minima aliquid hic adipisci,ashleigh@annette.ca
72,accusantium natus ex et consequuntur neque,douglas@anabel.org
72,esse quia quidem quisquam consequatur nisi deleniti,lowell@mossie.com
72,rerum tempore facilis ut quod sit,jacquelyn@kristian.net
73,voluptates qui et corporis,antwon@domenico.me
73,quia qui quia qui,kenyon@retha.me
73,nihil consequatur quibusdam,ben@elouise.net
73,vel architecto assumenda et maiores,madisen.hauck@barney.co.uk
73,aliquam officiis omnis,dock.parker@roy.biz
74,aperiam ut deserunt minus quo dicta nisi,pablo.ritchie@tyrique.co.uk
74,praesentium eos quam eius optio eveniet,sebastian_gaylord@freda.org
74,fugiat aliquid sint,lazaro@nadia.ca
74,qui incidunt vel iusto eligendi amet quia qui,jessy.boyle@vernice.biz
74,libero vero voluptatum sed facilis quos aut reprehenderit ad,mitchel@hal.co.uk
75,ut quia sequi sed eius voluptas,lindsay@kiley.name
75,qui cumque eos consequatur fuga ut,erika.murazik@jorge.me
75,nemo voluptatum quo qui atque,olin@edmund.ca
75,quam exercitationem alias totam,lacey@novella.biz
75,similique doloribus odit quas magnam omnis dolorem dolore et,sister@miller.net
76,dolorem qui architecto provident,raphaelle@miller.com
76,nemo hic sapiente placeat quidem omnis,jaren.schiller@augusta.org
76,vitae aut perspiciatis quia enim voluptas,nikko_reynolds@harry.me
76,est qui quos exercitationem,afton.medhurst@mina.info
76,similique fugiat tenetur ea incidunt numquam,wilson.nikolaus@fredrick.org
77,sint porro optio voluptatem,tomasa@lee.us
77,eius itaque ut ipsa quia quis labore,ally_kassulke@rashad.ca
77,provident voluptas perferendis quibusdam libero,reagan_ziemann@ross.io
77,et et voluptas et eligendi distinctio accusantium temporibus enim,angelita@sally.org
77,qui voluptates molestias necessitatibus eos odio quo minima,lonzo@lorena.org
78,temporibus minus debitis deleniti repellat unde eveniet,alexandre@derrick.co.uk
78,magnam nihil delectus dolor natus ab ea et,judd@lucinda.ca
78,laudantium quibusdam blanditiis pariatur non vero deleniti a perferendis,eleanora@karson.net
78,excepturi nam cum molestiae et totam voluptatem nisi,enrico_feil@liana.biz
78,temporibus aut et,beverly@perry.org
79,sed ratione nesciunt odit expedita,corene_mante@rory.com
79,rerum officiis qui quaerat omnis dolorem iure est repudiandae,emily_flatley@ephraim.name
79,illo quis nostrum accusantium architecto et aliquam ratione,donna@frederik.com
79,reprehenderit eos voluptatem ut,kyleigh@ruben.org
79,excepturi esse laborum ut qui culpa,noemy.hammes@lisette.net
80,qui eos vitae possimus reprehenderit voluptatem voluptatem repellendus,margarett_jenkins@harley.us
80,quasi exercitationem molestias dolore non non sed est,dexter.pacocha@lauren.biz
80,labore consequuntur vel qui,gennaro@jaunita.co.uk
80,sunt ut eos,jaycee@aimee.us
80,quia aut consequatur sunt iste aliquam impedit sit,brennon@carmela.tv
81,cum voluptate sint voluptas veritatis,vella.mayer@colten.net
81,ut eos mollitia eum eius,caleb_dach@kathleen.us
81,architecto voluptatum eos blanditiis aliquam debitis beatae nesciunt dolorum,patience_bahringer@dameon.biz
81,officia qui ut explicabo eos fugit,destinee.simonis@jose.tv
81,incidunt commodi voluptatem maiores asperiores blanditiis omnis ratione,keshaun@brown.biz
82,sint eaque rerum voluptas fugiat quia qui,merle.schultz@marcel.org
82,eius tempora sint reprehenderit,malvina_fay@louie.name
82,non excepturi enim est sapiente numquam repudiandae illo,domenick_douglas@gabe.us
82,dicta dolor voluptate vel praesentium,isaac@allene.net
82,et dolore hic a cupiditate beatae natus iusto soluta,marianna.pacocha@george.net
83,hic rem eligendi tenetur ipsum dolore maxime eum,sister_barton@lela.com
83,quaerat et quia accusamus provident earum cumque,autumn.lebsack@kasandra.ca
83,atque porro quo voluptas,irma.okon@arden.me
83,ut qui voluptatem hic maxime,alaina_hammes@carter.info
83,rerum consequatur ut et voluptate harum amet accusantium est,alia@addison.org
84,neque nemo consequatur ea fugit aut esse suscipit dolore,aurelie_mckenzie@providenci.biz
84,quia reiciendis nobis minima quia et saepe,may_steuber@virgil.net
84,nesciunt voluptates amet sint et delectus et dolore culpa,tessie@emilie.co.uk
84,omnis voluptate dolorem similique totam,priscilla@colten.org
84,aut recusandae a sit voluptas explicabo nam et,aylin@abigale.me
85,non eligendi ipsam provident,holden@kenny.io
85,sit molestiae corporis,guillermo_dare@dorothea.tv
85,assumenda iure a,oscar@pearline.com
85,molestiae dolores itaque dicta earum eligendi dolores,jonathon_feest@maxime.io
85,cumque expedita consequatur qui,micah_wolf@lennie.co.uk
86,deleniti tempora non quia et aut,shany@daisha.biz
86,delectus illum minus odit,drew_lemke@alexis.net
86,voluptas dolores dolor nisi voluptatem ratione rerum,karina.donnelly@liam.com
86,sed omnis dolore aperiam,ahmed_runolfsson@claire.name
86,sint ullam alias et at et,marilou_halvorson@kane.io
87,velit incidunt ut accusantium odit maiores quaerat,bernie.schoen@seamus.co.uk
87,quod quia nihil nisi perferendis laborum blanditiis tempora eos,joesph@darryl.net
87,qui ea voluptatem reiciendis enim enim nisi aut,timmothy.corwin@augustus.co.uk
87,doloremque eligendi quas voluptatem non quos ex,julien_ohara@vance.io
87,id voluptatum nulla maiores ipsa eos,susan.bartell@euna.org
88,ea illo ab et maiores eaque non nobis,selena.quigley@johan.co.uk
88,magni asperiores in cupiditate,clifton_boehm@jacynthe.io
88,ullam autem aliquam,lizzie_bartell@diamond.net
88,voluptates quasi minus dolorem itaque nemo,yasmeen@golda.ca
88,adipisci sapiente libero beatae quas eveniet,adolf.russel@clark.ca
89,nisi qui voluptates recusandae voluptas assumenda et,elian@matilda.me
89,sed molestias sit voluptatibus sit aut alias sunt inventore,salma@francis.net
89,illum pariatur aliquam esse nisi voluptas quisquam ea,orlando_dickinson@vern.org
89,incidunt aut qui quis est sit corporis pariatur qui,elda@orval.name
89,temporibus adipisci eveniet libero ullam,dennis@karley.net
90,dicta excepturi aut est dolor ab dolores rerum,jedediah@mason.io
90,molestiae qui quod quo,maryam@jack.name
90,pariatur consequatur sit commodi aliquam,rick@carlos.tv
90,sunt quia soluta quae sit deleniti dolor ullam veniam,vallie@jerrod.net
90,dolorem corporis facilis et,adolph.hayes@isobel.biz
91,maiores ut dolores quo sapiente nisi,duane_dach@demario.us
91,quia excepturi in harum repellat consequuntur est vel qui,general@schuyler.org
91,doloremque ut est eaque,stephania_stanton@demond.biz
91,magni quos voluptatibus earum et inventore suscipit,reinhold.schiller@kelly.info
91,assumenda qui et aspernatur,royce@jaiden.co.uk
92,quod voluptatem qui qui sit sed maiores fugit,cassie@diana.org
92,ipsa animi saepe veritatis voluptatibus ad amet id aut,jena.okeefe@adonis.net
92,fugiat consectetur saepe dicta,magdalen@holly.io
92,nesciunt numquam alias doloremque minus ipsam optio,nyah@otho.com
92,eum fugit omnis optio,kara_stokes@connie.co.uk
93,perferendis nobis praesentium accusantium culpa et et,conner@daron.info
93,assumenda quia sint,nathanael@jada.org
93,cupiditate quidem corporis totam tenetur rem nesciunt et,nicklaus@talon.io
93,quisquam quaerat rerum dolor asperiores doloremque,jerald@laura.io
93,est sunt est nesciunt distinctio quaerat reprehenderit in vero,jamey_dare@johnny.org
94,impedit autem distinctio omnis ipsam voluptas eaque,brant@yasmin.co.uk
94,voluptas unde perferendis ut eaque dicta,adrianna_howell@molly.io
94,nam praesentium est ipsa libero aut,amiya.morar@emma.tv
94,vel eum quia esse sapiente,destany@bailey.info
94,deleniti vitae alias distinctio dignissimos ab accusantium pariatur dicta,katarina.wolff@joel.io
95,nihil ad debitis rerum optio est cumque sed voluptates,pearline@veda.ca
95,aspernatur ex dolor optio,belle.braun@otis.name
95,quaerat et excepturi autem animi fuga,eliane@libby.net
95,natus consequatur deleniti ipsum delectus,trey.harber@christop.biz
95,cumque consequuntur excepturi consequatur consequatur est,kailyn@ivory.info
96,quia hic adipisci modi fuga aperiam,amely.kunde@rodrigo.co.uk
96,ut occaecati non,thaddeus.halvorson@ruthe.ca
96,quo error dignissimos numquam qui nam fugit voluptates et,hannah@emma.ca
96,distinctio minima error aspernatur reiciendis inventore quo,maryam.mann@thelma.info
96,accusantium quo error repudiandae,michel@keira.us
97,recusandae dolor similique autem saepe voluptate aut vel sit,domenick@russell.ca
97,placeat eveniet sunt ut quis,chanelle@samson.me
97,a ipsa nihil sed impedit,hermann.kunde@rosina.us
97,hic inventore sint aut,olen@bryce.net
97,enim asperiores illum,lorenza.carter@consuelo.ca
98,et aut qui eaque porro quo quis velit rerum,lamont@georgiana.biz
98,sunt omnis aliquam labore eveniet,colin_gutkowski@muriel.net
98,quo neque dolorem dolorum non incidunt,albert@johnny.biz
98,aut quia et corporis voluptas quisquam voluptatem,hilma.kutch@ottilie.info
98,et eum provident maxime beatae minus et doloremque perspiciatis,donnie@alfreda.biz
99,eos enim odio,maxwell@adeline.me
99,consequatur alias ab fuga tenetur maiores modi,amina@emmet.org
99,ut praesentium sit eos rerum tempora,gilda@jacques.org
99,molestias facere soluta mollitia totam dolorem commodi itaque,kadin@walter.io
99,dolor ut ut aut molestiae esse et tempora numquam,alice_considine@daren.com
100,et occaecati asperiores quas voluptas ipsam nostrum,zola@lizzie.com
100,doloribus dolores ut dolores occaecati,dolly@mandy.co.uk
100,dolores minus aut libero,davion@eldora.net
100,excepturi sunt cum a et rerum quo voluptatibus quia,wilburn_labadie@araceli.name
100,ex eaque eum natus,emma@joanny.ca
